instance,length_1,length_10,length_11,length_12,length_13,length_14,length_2,length_3,length_4,length_5,length_6,length_7,length_8,length_9,max,mean,median,min,percentile_25,percentile_75,std,var
solved,0.03983516483516483,0.012362637362637362,0.005494505494505495,0.0027472527472527475,0.0027472527472527475,0.0013736263736263737,0.2445054945054945,0.24175824175824176,0.17445054945054944,0.07692307692307693,0.08241758241758242,0.06043956043956044,0.03296703296703297,0.02197802197802198,14.0,3.9876373626373627,3.0,1.0,2.0,5.0,2.205061308246907,4.8622953731275596
