instance,length_1,length_10,length_11,length_12,length_13,length_14,length_2,length_3,length_4,length_5,length_6,length_7,length_8,length_9,max,mean,median,min,percentile_25,percentile_75,std,var
unsolved,0.030668504479669192,0.01791867677463818,0.011026878015161957,0.006202618883528601,0.0013783597518952446,0.0010337698139214334,0.1543762922122674,0.24810475534114404,0.17677463818056513,0.10923501033769814,0.08821502412129566,0.07443142660234321,0.053756030323914544,0.026878015161957272,14.0,4.46657477601654,4.0,1.0,3.0,6.0,2.3210335507336004,5.387196743631025
